{
  "id": "3791763",
  "name": "snowy-app",
  "font_family": "snowy",
  "css_prefix_text": "",
  "description": "",
  "glyphs": [
    {
      "icon_id": "4765958",
      "name": "export",
      "font_class": "export-outlined",
      "unicode": "e792",
      "unicode_decimal": 59282
    },
    {
      "icon_id": "4766679",
      "name": "experiment",
      "font_class": "experiment-outlined",
      "unicode": "e7c9",
      "unicode_decimal": 59337
    },
    {
      "icon_id": "9230692",
      "name": "expend",
      "font_class": "expand-outlined",
      "unicode": "e915",
      "unicode_decimal": 59669
    },
    {
      "icon_id": "4767007",
      "name": "arrawsalt",
      "font_class": "expand-alt-outlined",
      "unicode": "e7e9",
      "unicode_decimal": 59369
    },
    {
      "icon_id": "4766461",
      "name": "file -exception",
      "font_class": "exception-outlined",
      "unicode": "e7bb",
      "unicode_decimal": 59323
    },
    {
      "icon_id": "4765730",
      "name": "EURO",
      "font_class": "euro-outlined",
      "unicode": "e78f",
      "unicode_decimal": 59279
    },
    {
      "icon_id": "33968870",
      "name": "EURO-copy",
      "font_class": "euro-circle-outlined",
      "unicode": "eb62",
      "unicode_decimal": 60258
    },
    {
      "icon_id": "4765897",
      "name": "location",
      "font_class": "environment-outlined",
      "unicode": "e790",
      "unicode_decimal": 59280
    },
    {
      "icon_id": "4767094",
      "name": "ellipsis",
      "font_class": "ellipsis-outlined",
      "unicode": "e815",
      "unicode_decimal": 59413
    },
    {
      "icon_id": "4767031",
      "name": "download",
      "font_class": "download-outlined",
      "unicode": "e814",
      "unicode_decimal": 59412
    },
    {
      "icon_id": "4765723",
      "name": "Dollar",
      "font_class": "dollar-outlined",
      "unicode": "e78d",
      "unicode_decimal": 59277
    },
    {
      "icon_id": "33968867",
      "name": "Dollar-copy",
      "font_class": "dollar-circle-outlined",
      "unicode": "eb61",
      "unicode_decimal": 60257
    },
    {
      "icon_id": "4766693",
      "name": "unlike",
      "font_class": "dislike-outlined",
      "unicode": "e7c8",
      "unicode_decimal": 59336
    },
    {
      "icon_id": "4766962",
      "name": "disconnect",
      "font_class": "disconnect-outlined",
      "unicode": "e7e8",
      "unicode_decimal": 59368
    },
    {
      "icon_id": "4936979",
      "name": "dingtalk",
      "font_class": "dingtalk-outlined",
      "unicode": "e881",
      "unicode_decimal": 59521
    },
    {
      "icon_id": "4936457",
      "name": "desktop",
      "font_class": "desktop-outlined",
      "unicode": "e845",
      "unicode_decimal": 59461
    },
    {
      "icon_id": "4766849",
      "name": "deployment unit",
      "font_class": "deployment-unit-outlined",
      "unicode": "e7d2",
      "unicode_decimal": 59346
    },
    {
      "icon_id": "9229182",
      "name": "Stored procedure",
      "font_class": "delivered-procedure-outlined",
      "unicode": "e911",
      "unicode_decimal": 59665
    },
    {
      "icon_id": "8094808",
      "name": "delete column",
      "font_class": "delete-column-outlined",
      "unicode": "e901",
      "unicode_decimal": 59649
    },
    {
      "icon_id": "8094822",
      "name": "delete row",
      "font_class": "delete-row-outlined",
      "unicode": "e902",
      "unicode_decimal": 59650
    },
    {
      "icon_id": "4766439",
      "name": "database",
      "font_class": "database-outlined",
      "unicode": "e7b9",
      "unicode_decimal": 59321
    },
    {
      "icon_id": "4765881",
      "name": "dashboard",
      "font_class": "dashboard-outlined",
      "unicode": "e78b",
      "unicode_decimal": 59275
    },
    {
      "icon_id": "4766762",
      "name": "customerservice",
      "font_class": "customer-service-outlined",
      "unicode": "e7ca",
      "unicode_decimal": 59338
    },
    {
      "icon_id": "4936455",
      "name": "crown",
      "font_class": "crown-outlined",
      "unicode": "e844",
      "unicode_decimal": 59460
    },
    {
      "icon_id": "4766921",
      "name": "credit card",
      "font_class": "credit-card-outlined",
      "unicode": "e7e5",
      "unicode_decimal": 59365
    },
    {
      "icon_id": "4765731",
      "name": "copyright",
      "font_class": "copyright-outlined",
      "unicode": "e789",
      "unicode_decimal": 59273
    },
    {
      "icon_id": "33968858",
      "name": "copyright-copy",
      "font_class": "copyright-circle-outlined",
      "unicode": "eb60",
      "unicode_decimal": 60256
    },
    {
      "icon_id": "4765969",
      "name": "control",
      "font_class": "control-outlined",
      "unicode": "e79c",
      "unicode_decimal": 59292
    },
    {
      "icon_id": "4766438",
      "name": "container",
      "font_class": "container-outlined",
      "unicode": "e7b8",
      "unicode_decimal": 59320
    },
    {
      "icon_id": "4766855",
      "name": "contacts",
      "font_class": "contacts-outlined",
      "unicode": "e7e4",
      "unicode_decimal": 59364
    },
    {
      "icon_id": "9229185",
      "name": "Console-SQL",
      "font_class": "console-sql-outlined",
      "unicode": "e910",
      "unicode_decimal": 59664
    },
    {
      "icon_id": "9230691",
      "name": "compress",
      "font_class": "compress-outlined",
      "unicode": "e914",
      "unicode_decimal": 59668
    },
    {
      "icon_id": "4765724",
      "name": "compass",
      "font_class": "compass-outlined",
      "unicode": "e786",
      "unicode_decimal": 59270
    },
    {
      "icon_id": "6598316",
      "name": "comment",
      "font_class": "comment-outlined",
      "unicode": "e8ea",
      "unicode_decimal": 59626
    },
    {
      "icon_id": "12258804",
      "name": "coffee",
      "font_class": "coffee-outlined",
      "unicode": "e6b5",
      "unicode_decimal": 59061
    },
    {
      "icon_id": "4765970",
      "name": "code library",
      "font_class": "code-outlined",
      "unicode": "e79b",
      "unicode_decimal": 59291
    },
    {
      "icon_id": "4766900",
      "name": "cloud-server",
      "font_class": "cloud-server-outlined",
      "unicode": "e7db",
      "unicode_decimal": 59355
    },
    {
      "icon_id": "4766901",
      "name": "cloud-upload",
      "font_class": "cloud-upload-outlined",
      "unicode": "e7dc",
      "unicode_decimal": 59356
    },
    {
      "icon_id": "4766902",
      "name": "cloud",
      "font_class": "cloud-outlined",
      "unicode": "e7dd",
      "unicode_decimal": 59357
    },
    {
      "icon_id": "4766903",
      "name": "cloud-download",
      "font_class": "cloud-download-outlined",
      "unicode": "e7de",
      "unicode_decimal": 59358
    },
    {
      "icon_id": "4766904",
      "name": "cloud-sync",
      "font_class": "cloud-sync-outlined",
      "unicode": "e7e0",
      "unicode_decimal": 59360
    },
    {
      "icon_id": "8094805",
      "name": "clear",
      "font_class": "clear-outlined",
      "unicode": "e900",
      "unicode_decimal": 59648
    },
    {
      "icon_id": "4765722",
      "name": "CI",
      "font_class": "ci-circle-outlined",
      "unicode": "e77f",
      "unicode_decimal": 59263
    },
    {
      "icon_id": "4766856",
      "name": "carry out",
      "font_class": "carry-out-outlined",
      "unicode": "e7d6",
      "unicode_decimal": 59350
    },
    {
      "icon_id": "4766886",
      "name": "car",
      "font_class": "car-outlined",
      "unicode": "e7da",
      "unicode_decimal": 59354
    },
    {
      "icon_id": "33968843",
      "name": "CI-copy",
      "font_class": "ci-outlined",
      "unicode": "eb5f",
      "unicode_decimal": 60255
    },
    {
      "icon_id": "4766883",
      "name": "camera",
      "font_class": "camera-outlined",
      "unicode": "e7d9",
      "unicode_decimal": 59353
    },
    {
      "icon_id": "4766858",
      "name": "calendar",
      "font_class": "calendar-outlined",
      "unicode": "e7d4",
      "unicode_decimal": 59348
    },
    {
      "icon_id": "4765978",
      "name": "calculator",
      "font_class": "calculator-outlined",
      "unicode": "e79a",
      "unicode_decimal": 59290
    },
    {
      "icon_id": "4766678",
      "name": "bulb",
      "font_class": "bulb-outlined",
      "unicode": "e7c7",
      "unicode_decimal": 59335
    },
    {
      "icon_id": "4766872",
      "name": "build",
      "font_class": "build-outlined",
      "unicode": "e7d5",
      "unicode_decimal": 59349
    },
    {
      "icon_id": "6598314",
      "name": "bug",
      "font_class": "bug-outlined",
      "unicode": "e8e9",
      "unicode_decimal": 59625
    },
    {
      "icon_id": "4766986",
      "name": "branches",
      "font_class": "branches-outlined",
      "unicode": "e7e7",
      "unicode_decimal": 59367
    },
    {
      "icon_id": "4767086",
      "name": "number",
      "font_class": "borderless-table-outlined",
      "unicode": "e813",
      "unicode_decimal": 59411
    },
    {
      "icon_id": "4766265",
      "name": "border",
      "font_class": "border-outlined",
      "unicode": "e7b7",
      "unicode_decimal": 59319
    },
    {
      "icon_id": "4766454",
      "name": "book",
      "font_class": "book-outlined",
      "unicode": "e7b6",
      "unicode_decimal": 59318
    },
    {
      "icon_id": "4766952",
      "name": "block",
      "font_class": "block-outlined",
      "unicode": "e7df",
      "unicode_decimal": 59359
    },
    {
      "icon_id": "4766680",
      "name": "bell",
      "font_class": "bell-outlined",
      "unicode": "e7c5",
      "unicode_decimal": 59333
    },
    {
      "icon_id": "7239635",
      "name": "bars",
      "font_class": "bars-outlined",
      "unicode": "e71a",
      "unicode_decimal": 59162
    },
    {
      "icon_id": "4766882",
      "name": "barcode",
      "font_class": "barcode-outlined",
      "unicode": "e7d8",
      "unicode_decimal": 59352
    },
    {
      "icon_id": "4766686",
      "name": "bank",
      "font_class": "bank-outlined",
      "unicode": "e7c6",
      "unicode_decimal": 59334
    },
    {
      "icon_id": "4766507",
      "name": "audit",
      "font_class": "audit-outlined",
      "unicode": "e7c0",
      "unicode_decimal": 59328
    },
    {
      "icon_id": "5756281",
      "name": "audio",
      "font_class": "audio-outlined",
      "unicode": "e89b",
      "unicode_decimal": 59547
    },
    {
      "icon_id": "6598315",
      "name": "audio static",
      "font_class": "audio-muted-outlined",
      "unicode": "e8e8",
      "unicode_decimal": 59624
    },
    {
      "icon_id": "4766961",
      "name": "api",
      "font_class": "api-outlined",
      "unicode": "e7e3",
      "unicode_decimal": 59363
    },
    {
      "icon_id": "5756280",
      "name": "apartment",
      "font_class": "apartment-outlined",
      "unicode": "e89a",
      "unicode_decimal": 59546
    },
    {
      "icon_id": "4766675",
      "name": "alert",
      "font_class": "alert-outlined",
      "unicode": "e7c4",
      "unicode_decimal": 59332
    },
    {
      "icon_id": "9230690",
      "name": "aim",
      "font_class": "aim-outlined",
      "unicode": "e913",
      "unicode_decimal": 59667
    },
    {
      "icon_id": "4766854",
      "name": "account book",
      "font_class": "account-book-outlined",
      "unicode": "e7d3",
      "unicode_decimal": 59347
    },
    {
      "icon_id": "4767026",
      "name": "colum-height",
      "font_class": "column-height-outlined",
      "unicode": "e811",
      "unicode_decimal": 59409
    },
    {
      "icon_id": "4767092",
      "name": "column-width",
      "font_class": "column-width-outlined",
      "unicode": "e812",
      "unicode_decimal": 59410
    },
    {
      "icon_id": "4766286",
      "name": "radius-setting",
      "font_class": "radius-setting-outlined",
      "unicode": "e7b5",
      "unicode_decimal": 59317
    },
    {
      "icon_id": "4767060",
      "name": "unordered list",
      "font_class": "unordered-list-outlined",
      "unicode": "e80f",
      "unicode_decimal": 59407
    },
    {
      "icon_id": "4767061",
      "name": "ordered list",
      "font_class": "ordered-list-outlined",
      "unicode": "e810",
      "unicode_decimal": 59408
    },
    {
      "icon_id": "4936456",
      "name": "drag",
      "font_class": "drag-outlined",
      "unicode": "e843",
      "unicode_decimal": 59459
    },
    {
      "icon_id": "4767038",
      "name": "sort-descending",
      "font_class": "sort-descending-outlined",
      "unicode": "e80d",
      "unicode_decimal": 59405
    },
    {
      "icon_id": "4767039",
      "name": "sort-ascending",
      "font_class": "sort-ascending-outlined",
      "unicode": "e80e",
      "unicode_decimal": 59406
    },
    {
      "icon_id": "4767079",
      "name": "font-colors",
      "font_class": "font-colors-outlined",
      "unicode": "e808",
      "unicode_decimal": 59400
    },
    {
      "icon_id": "4767081",
      "name": "font-size",
      "font_class": "font-size-outlined",
      "unicode": "e809",
      "unicode_decimal": 59401
    },
    {
      "icon_id": "4767083",
      "name": "line-height",
      "font_class": "line-height-outlined",
      "unicode": "e80a",
      "unicode_decimal": 59402
    },
    {
      "icon_id": "4767095",
      "name": "dash",
      "font_class": "dash-outlined",
      "unicode": "e80b",
      "unicode_decimal": 59403
    },
    {
      "icon_id": "4767103",
      "name": "small-dash",
      "font_class": "small-dash-outlined",
      "unicode": "e80c",
      "unicode_decimal": 59404
    },
    {
      "icon_id": "5756279",
      "name": "zoom out",
      "font_class": "zoom-out-outlined",
      "unicode": "e898",
      "unicode_decimal": 59544
    },
    {
      "icon_id": "5756284",
      "name": "zoom in",
      "font_class": "zoom-in-outlined",
      "unicode": "e899",
      "unicode_decimal": 59545
    },
    {
      "icon_id": "4765837",
      "name": "undo",
      "font_class": "undo-outlined",
      "unicode": "e787",
      "unicode_decimal": 59271
    },
    {
      "icon_id": "4765838",
      "name": "redo",
      "font_class": "redo-outlined",
      "unicode": "e788",
      "unicode_decimal": 59272
    },
    {
      "icon_id": "4767078",
      "name": "bold",
      "font_class": "bold-outlined",
      "unicode": "e804",
      "unicode_decimal": 59396
    },
    {
      "icon_id": "4767084",
      "name": "strikethrough",
      "font_class": "strikethrough-outlined",
      "unicode": "e805",
      "unicode_decimal": 59397
    },
    {
      "icon_id": "4767085",
      "name": "underline",
      "font_class": "underline-outlined",
      "unicode": "e806",
      "unicode_decimal": 59398
    },
    {
      "icon_id": "4767087",
      "name": "italic",
      "font_class": "italic-outlined",
      "unicode": "e807",
      "unicode_decimal": 59399
    },
    {
      "icon_id": "4767106",
      "name": "bg-colors",
      "font_class": "bg-colors-outlined",
      "unicode": "e803",
      "unicode_decimal": 59395
    },
    {
      "icon_id": "4767062",
      "name": "align-right",
      "font_class": "align-right-outlined",
      "unicode": "e7fb",
      "unicode_decimal": 59387
    },
    {
      "icon_id": "4767064",
      "name": "align-left",
      "font_class": "align-left-outlined",
      "unicode": "e802",
      "unicode_decimal": 59394
    },
    {
      "icon_id": "4767063",
      "name": "align-center",
      "font_class": "align-center-outlined",
      "unicode": "e7f5",
      "unicode_decimal": 59381
    },
    {
      "icon_id": "4766963",
      "name": "highlight",
      "font_class": "highlight-outlined",
      "unicode": "e7e2",
      "unicode_decimal": 59362
    },
    {
      "icon_id": "4766508",
      "name": "diff",
      "font_class": "diff-outlined",
      "unicode": "e7bf",
      "unicode_decimal": 59327
    },
    {
      "icon_id": "4766482",
      "name": "snippets",
      "font_class": "snippets-outlined",
      "unicode": "e7bd",
      "unicode_decimal": 59325
    },
    {
      "icon_id": "4766676",
      "name": "delete",
      "font_class": "delete-outlined",
      "unicode": "e7c3",
      "unicode_decimal": 59331
    },
    {
      "icon_id": "4766982",
      "name": "scissor",
      "font_class": "scissor-outlined",
      "unicode": "e7e6",
      "unicode_decimal": 59366
    },
    {
      "icon_id": "4766481",
      "name": "file-copy",
      "font_class": "copy-outlined",
      "unicode": "e7bc",
      "unicode_decimal": 59324
    },
    {
      "icon_id": "4765957",
      "name": "edit-square",
      "font_class": "form-outlined",
      "unicode": "e791",
      "unicode_decimal": 59281
    },
    {
      "icon_id": "4766959",
      "name": "edit",
      "font_class": "edit-outlined",
      "unicode": "e7e1",
      "unicode_decimal": 59361
    },
    {
      "icon_id": "4936459",
      "name": "stop",
      "font_class": "stop-outlined",
      "unicode": "e842",
      "unicode_decimal": 59458
    },
    {
      "icon_id": "23563617",
      "name": "WarningOctagon",
      "font_class": "issues-close-outlined",
      "unicode": "e68e",
      "unicode_decimal": 59022
    },
    {
      "icon_id": "15838551",
      "name": "warning",
      "font_class": "warning-outlined",
      "unicode": "e682",
      "unicode_decimal": 59010
    },
    {
      "icon_id": "4765741",
      "name": "time-circle",
      "font_class": "clock-circle-outlined",
      "unicode": "e784",
      "unicode_decimal": 59268
    },
    {
      "icon_id": "4765725",
      "name": "close-circle",
      "font_class": "check-circle-outlined",
      "unicode": "e77d",
      "unicode_decimal": 59261
    },
    {
      "icon_id": "4765964",
      "name": "close-square",
      "font_class": "check-square-outlined",
      "unicode": "e794",
      "unicode_decimal": 59284
    },
    {
      "icon_id": "4767096",
      "name": "close",
      "font_class": "check-outlined",
      "unicode": "e7fc",
      "unicode_decimal": 59388
    },
    {
      "icon_id": "4765746",
      "name": "warning-circle",
      "font_class": "exclamation-circle-outlined",
      "unicode": "e785",
      "unicode_decimal": 59269
    },
    {
      "icon_id": "4767080",
      "name": "exclaimination",
      "font_class": "exclamation-outlined",
      "unicode": "e7fa",
      "unicode_decimal": 59386
    },
    {
      "icon_id": "4765727",
      "name": "info-circle",
      "font_class": "info-circle-outlined",
      "unicode": "e77e",
      "unicode_decimal": 59262
    },
    {
      "icon_id": "4767082",
      "name": "infomation",
      "font_class": "info-outlined",
      "unicode": "e7f9",
      "unicode_decimal": 59385
    },
    {
      "icon_id": "4765972",
      "name": "minus-square",
      "font_class": "minus-square-outlined",
      "unicode": "e796",
      "unicode_decimal": 59286
    },
    {
      "icon_id": "4765973",
      "name": "plus-square",
      "font_class": "plus-square-outlined",
      "unicode": "e797",
      "unicode_decimal": 59287
    },
    {
      "icon_id": "4765732",
      "name": "minus-circle",
      "font_class": "minus-circle-outlined",
      "unicode": "e780",
      "unicode_decimal": 59264
    },
    {
      "icon_id": "4767099",
      "name": "minus",
      "font_class": "minus-outlined",
      "unicode": "e801",
      "unicode_decimal": 59393
    },
    {
      "icon_id": "4765742",
      "name": "time out",
      "font_class": "pause-circle-outlined",
      "unicode": "e783",
      "unicode_decimal": 59267
    },
    {
      "icon_id": "4767104",
      "name": "pause",
      "font_class": "pause-outlined",
      "unicode": "e800",
      "unicode_decimal": 59392
    },
    {
      "icon_id": "4765734",
      "name": "plus-circle",
      "font_class": "plus-circle-outlined",
      "unicode": "e781",
      "unicode_decimal": 59265
    },
    {
      "icon_id": "7834345",
      "name": "plus",
      "font_class": "plus-outlined",
      "unicode": "e8fe",
      "unicode_decimal": 59646
    },
    {
      "icon_id": "4765736",
      "name": "question-circle",
      "font_class": "question-circle-outlined",
      "unicode": "e782",
      "unicode_decimal": 59266
    },
    {
      "icon_id": "4767100",
      "name": "question",
      "font_class": "question-outlined",
      "unicode": "e7ff",
      "unicode_decimal": 59391
    },
    {
      "icon_id": "4767015",
      "name": "fullscreen",
      "font_class": "fullscreen-outlined",
      "unicode": "e7ec",
      "unicode_decimal": 59372
    },
    {
      "icon_id": "4767016",
      "name": "fullscreen-exit",
      "font_class": "fullscreen-exit-outlined",
      "unicode": "e7ed",
      "unicode_decimal": 59373
    },
    {
      "icon_id": "4766282",
      "name": "radius-bottomleft",
      "font_class": "radius-bottomleft-outlined",
      "unicode": "e7b1",
      "unicode_decimal": 59313
    },
    {
      "icon_id": "4766283",
      "name": "radius-bottomright",
      "font_class": "radius-bottomright-outlined",
      "unicode": "e7b2",
      "unicode_decimal": 59314
    },
    {
      "icon_id": "4766284",
      "name": "radius-upleft",
      "font_class": "radius-upleft-outlined",
      "unicode": "e7b3",
      "unicode_decimal": 59315
    },
    {
      "icon_id": "4766285",
      "name": "radius-upright",
      "font_class": "radius-upright-outlined",
      "unicode": "e7b4",
      "unicode_decimal": 59316
    },
    {
      "icon_id": "4767072",
      "name": "pic-center",
      "font_class": "pic-center-outlined",
      "unicode": "e7f6",
      "unicode_decimal": 59382
    },
    {
      "icon_id": "4767073",
      "name": "pic-right",
      "font_class": "pic-right-outlined",
      "unicode": "e7f7",
      "unicode_decimal": 59383
    },
    {
      "icon_id": "4767074",
      "name": "pic-left",
      "font_class": "pic-left-outlined",
      "unicode": "e7f8",
      "unicode_decimal": 59384
    },
    {
      "icon_id": "4766266",
      "name": "border-outer",
      "font_class": "border-outer-outlined",
      "unicode": "e7a9",
      "unicode_decimal": 59305
    },
    {
      "icon_id": "4766268",
      "name": "border-top",
      "font_class": "border-top-outlined",
      "unicode": "e7aa",
      "unicode_decimal": 59306
    },
    {
      "icon_id": "4766269",
      "name": "border-bottom",
      "font_class": "border-bottom-outlined",
      "unicode": "e7ab",
      "unicode_decimal": 59307
    },
    {
      "icon_id": "4766270",
      "name": "border-left",
      "font_class": "border-left-outlined",
      "unicode": "e7ac",
      "unicode_decimal": 59308
    },
    {
      "icon_id": "4766271",
      "name": "border-right",
      "font_class": "border-right-outlined",
      "unicode": "e7ad",
      "unicode_decimal": 59309
    },
    {
      "icon_id": "4766276",
      "name": "border-inner",
      "font_class": "border-inner-outlined",
      "unicode": "e7ae",
      "unicode_decimal": 59310
    },
    {
      "icon_id": "4766277",
      "name": "border-verticle",
      "font_class": "border-verticle-outlined",
      "unicode": "e7af",
      "unicode_decimal": 59311
    },
    {
      "icon_id": "4766278",
      "name": "border-horizontal",
      "font_class": "border-horizontal-outlined",
      "unicode": "e7b0",
      "unicode_decimal": 59312
    },
    {
      "icon_id": "4767050",
      "name": "indent",
      "font_class": "menu-unfold-outlined",
      "unicode": "e7f3",
      "unicode_decimal": 59379
    },
    {
      "icon_id": "4767051",
      "name": "outdent",
      "font_class": "menu-fold-outlined",
      "unicode": "e7f4",
      "unicode_decimal": 59380
    },
    {
      "icon_id": "4765888",
      "name": "logout",
      "font_class": "logout-outlined",
      "unicode": "e78c",
      "unicode_decimal": 59276
    },
    {
      "icon_id": "6598349",
      "name": "login",
      "font_class": "login-outlined",
      "unicode": "e8f4",
      "unicode_decimal": 59636
    },
    {
      "icon_id": "4766884",
      "name": "cluster",
      "font_class": "cluster-outlined",
      "unicode": "e7d7",
      "unicode_decimal": 59351
    },
    {
      "icon_id": "4765965",
      "name": "down-square",
      "font_class": "down-square-outlined",
      "unicode": "e793",
      "unicode_decimal": 59283
    },
    {
      "icon_id": "4765967",
      "name": "left-square",
      "font_class": "left-square-outlined",
      "unicode": "e795",
      "unicode_decimal": 59285
    },
    {
      "icon_id": "4765974",
      "name": "right-square",
      "font_class": "right-square-outlined",
      "unicode": "e798",
      "unicode_decimal": 59288
    },
    {
      "icon_id": "4765977",
      "name": "up-square",
      "font_class": "up-Square-outlined",
      "unicode": "e799",
      "unicode_decimal": 59289
    },
    {
      "icon_id": "15838511",
      "name": "play",
      "font_class": "play-circle-outlined",
      "unicode": "e67a",
      "unicode_decimal": 59002
    },
    {
      "icon_id": "15838455",
      "name": "direction-down",
      "font_class": "arrow-down-outlined",
      "unicode": "e66d",
      "unicode_decimal": 58989
    },
    {
      "icon_id": "15838460",
      "name": "direction-right",
      "font_class": "arrow-right-outlined",
      "unicode": "e66e",
      "unicode_decimal": 58990
    },
    {
      "icon_id": "15838461",
      "name": "direction-up",
      "font_class": "arrow-up-outlined",
      "unicode": "e66f",
      "unicode_decimal": 58991
    },
    {
      "icon_id": "15838463",
      "name": "direction-left",
      "font_class": "arrow-left-outlined",
      "unicode": "e670",
      "unicode_decimal": 58992
    },
    {
      "icon_id": "4767044",
      "name": "swap",
      "font_class": "swap-outlined",
      "unicode": "e7f2",
      "unicode_decimal": 59378
    },
    {
      "icon_id": "6598352",
      "name": "swap-right",
      "font_class": "swap-right-outlined",
      "unicode": "e8f2",
      "unicode_decimal": 59634
    },
    {
      "icon_id": "6598353",
      "name": "swap-left",
      "font_class": "swap-left-outlined",
      "unicode": "e8f3",
      "unicode_decimal": 59635
    },
    {
      "icon_id": "4767097",
      "name": "enter",
      "font_class": "enter-outlined",
      "unicode": "e7fd",
      "unicode_decimal": 59389
    },
    {
      "icon_id": "4767102",
      "name": "rollback",
      "font_class": "rollback-outlined",
      "unicode": "e7fe",
      "unicode_decimal": 59390
    },
    {
      "icon_id": "6598348",
      "name": "retweet",
      "font_class": "retweet-outlined",
      "unicode": "e8f1",
      "unicode_decimal": 59633
    },
    {
      "icon_id": "6598344",
      "name": "fast-backward",
      "font_class": "fast-backward-outlined",
      "unicode": "e8ed",
      "unicode_decimal": 59629
    },
    {
      "icon_id": "6598346",
      "name": "fast-forward",
      "font_class": "fast-forward-outlined",
      "unicode": "e8ee",
      "unicode_decimal": 59630
    },
    {
      "icon_id": "4767027",
      "name": "vertical-align-botto",
      "font_class": "vertical-align-bottom-outlined",
      "unicode": "e7ef",
      "unicode_decimal": 59375
    },
    {
      "icon_id": "4767028",
      "name": "vertical-align-middl",
      "font_class": "vertical-align-middle-outlined",
      "unicode": "e7f0",
      "unicode_decimal": 59376
    },
    {
      "icon_id": "4767030",
      "name": "vertical-align-top",
      "font_class": "vertical-align-top-outlined",
      "unicode": "e7f1",
      "unicode_decimal": 59377
    },
    {
      "icon_id": "4767009",
      "name": "vertical right",
      "font_class": "vertical-right-outlined",
      "unicode": "e7ea",
      "unicode_decimal": 59370
    },
    {
      "icon_id": "4767010",
      "name": "vertical left",
      "font_class": "vertical-left-outlined",
      "unicode": "e7eb",
      "unicode_decimal": 59371
    },
    {
      "icon_id": "15838436",
      "name": "arrow-double-left",
      "font_class": "double-left-outlined",
      "unicode": "e66b",
      "unicode_decimal": 58987
    },
    {
      "icon_id": "15838438",
      "name": "arrow-double-right",
      "font_class": "double-right-outlined",
      "unicode": "e66c",
      "unicode_decimal": 58988
    },
    {
      "icon_id": "15838427",
      "name": "arrow-up-circle",
      "font_class": "up-circle-outlined",
      "unicode": "e666",
      "unicode_decimal": 58982
    },
    {
      "icon_id": "15838428",
      "name": "arrow-right-circle",
      "font_class": "right-circle-outlined",
      "unicode": "e667",
      "unicode_decimal": 58983
    },
    {
      "icon_id": "15838437",
      "name": "arrow-left-circle",
      "font_class": "left-circle-outlined",
      "unicode": "e66a",
      "unicode_decimal": 58986
    },
    {
      "icon_id": "33966825",
      "name": "arrow-right-circle-copy",
      "font_class": "down-circle-outlined",
      "unicode": "eb5e",
      "unicode_decimal": 60254
    },
    {
      "icon_id": "15838581",
      "name": "arrow-up-filling",
      "font_class": "caret-up-outlined",
      "unicode": "e689",
      "unicode_decimal": 59017
    },
    {
      "icon_id": "15838582",
      "name": "arrow-down-filling",
      "font_class": "caret-down-outlined",
      "unicode": "e68a",
      "unicode_decimal": 59018
    },
    {
      "icon_id": "15838583",
      "name": "arrow-left-filling",
      "font_class": "caret-left-outlined",
      "unicode": "e68b",
      "unicode_decimal": 59019
    },
    {
      "icon_id": "15838584",
      "name": "arrow-right-filling",
      "font_class": "caret-right-outlined",
      "unicode": "e68c",
      "unicode_decimal": 59020
    },
    {
      "icon_id": "15838561",
      "name": "arrow-left-bold",
      "font_class": "left-outlined",
      "unicode": "e685",
      "unicode_decimal": 59013
    },
    {
      "icon_id": "15838562",
      "name": "arrow-up-bold",
      "font_class": "up-outlined",
      "unicode": "e686",
      "unicode_decimal": 59014
    },
    {
      "icon_id": "15838564",
      "name": "arrow-down-bold",
      "font_class": "down-outlined",
      "unicode": "e687",
      "unicode_decimal": 59015
    },
    {
      "icon_id": "15838566",
      "name": "arrow-right-bold",
      "font_class": "right-outlined",
      "unicode": "e688",
      "unicode_decimal": 59016
    },
    {
      "icon_id": "22894640",
      "name": "arrowsalt",
      "font_class": "arrows-alt-outlined",
      "unicode": "e665",
      "unicode_decimal": 58981
    },
    {
      "icon_id": "22894827",
      "name": "shrink",
      "font_class": "shrink-outlined",
      "unicode": "e68d",
      "unicode_decimal": 59021
    },
    {
      "icon_id": "6598350",
      "name": "step-backward",
      "font_class": "step-backward-outlined",
      "unicode": "e8ef",
      "unicode_decimal": 59631
    },
    {
      "icon_id": "6598351",
      "name": "step-forward",
      "font_class": "step-forward-outlined",
      "unicode": "e8f0",
      "unicode_decimal": 59632
    },
    {
      "icon_id": "5756283",
      "name": "robot",
      "font_class": "robot-outlined",
      "unicode": "e897",
      "unicode_decimal": 59543
    },
    {
      "icon_id": "4766477",
      "name": "file-word",
      "font_class": "file-word-outlined",
      "unicode": "e7ba",
      "unicode_decimal": 59322
    },
    {
      "icon_id": "7239944",
      "name": "usergroup-delete",
      "font_class": "usergroup-delete-outlined",
      "unicode": "e760",
      "unicode_decimal": 59232
    },
    {
      "icon_id": "19685392",
      "name": "时间",
      "font_class": "field-time-outlined",
      "unicode": "eb5d",
      "unicode_decimal": 60253
    },
    {
      "icon_id": "4765891",
      "name": "setting",
      "font_class": "setting-outlined",
      "unicode": "e78e",
      "unicode_decimal": 59278
    },
    {
      "icon_id": "7239751",
      "name": "file-search",
      "font_class": "file-search-outlined",
      "unicode": "e730",
      "unicode_decimal": 59184
    },
    {
      "icon_id": "11538085",
      "name": "team",
      "font_class": "team-outlined",
      "unicode": "e67d",
      "unicode_decimal": 59005
    },
    {
      "icon_id": "4765866",
      "name": "message",
      "font_class": "message-outlined",
      "unicode": "e78a",
      "unicode_decimal": 59274
    },
    {
      "icon_id": "109759",
      "name": "mail",
      "font_class": "mail-outlined",
      "unicode": "e62e",
      "unicode_decimal": 58926
    },
    {
      "icon_id": "1302559",
      "name": "send",
      "font_class": "send-outlined",
      "unicode": "e622",
      "unicode_decimal": 58914
    },
    {
      "icon_id": "6598323",
      "name": "appstore add",
      "font_class": "appstore-add-outlined",
      "unicode": "e8eb",
      "unicode_decimal": 59627
    },
    {
      "icon_id": "23701226",
      "name": "User-Outlined",
      "font_class": "user-outlined",
      "unicode": "e641",
      "unicode_decimal": 58945
    },
    {
      "icon_id": "7239852",
      "name": "project",
      "font_class": "project-outlined",
      "unicode": "e746",
      "unicode_decimal": 59206
    },
    {
      "icon_id": "7239770",
      "name": "hdd",
      "font_class": "hdd-outlined",
      "unicode": "e734",
      "unicode_decimal": 59188
    },
    {
      "icon_id": "7239921",
      "name": "tool",
      "font_class": "tool-outlined",
      "unicode": "e75b",
      "unicode_decimal": 59227
    },
    {
      "icon_id": "24342656",
      "name": "user switch-line",
      "font_class": "user-switch-outlined",
      "unicode": "ea3d",
      "unicode_decimal": 59965
    },
    {
      "icon_id": "5226469",
      "name": "apps",
      "font_class": "appstore-outlined",
      "unicode": "e601",
      "unicode_decimal": 58881
    },
    {
      "icon_id": "11981662",
      "name": "home_outlined",
      "font_class": "home-outlined",
      "unicode": "e965",
      "unicode_decimal": 59749
    }
  ]
}
